steps,episode,total_return,episode_len,episode_return,total_regret
1,1,0.8,1,0.8,0.19999999999999996
2,2,0.9,1,0.1,1.1
3,3,1.1,1,0.2,1.9000000000000001
4,4,1.9000000000000001,1,0.8,2.1
5,5,2.7,1,0.8,2.3
6,6,3.6,1,0.9,2.4
7,7,3.8000000000000003,1,0.2,3.2
8,8,4.300000000000001,1,0.5,3.7
9,9,4.700000000000001,1,0.4,4.3
10,10,5.000000000000001,1,0.30000000000000004,5.0
12,12,6.300000000000001,1,1.0,5.7
14,14,8.200000000000001,1,1.0,5.8
17,17,10.200000000000001,1,0.5,6.8
20,20,12.200000000000003,1,0.9,7.8
25,25,13.600000000000001,1,0.1,11.4
30,30,16.400000000000002,1,0.30000000000000004,13.6
40,40,20.9,1,0.2,19.1
50,50,25.5,1,0.1,24.5
60,60,29.299999999999997,1,0.30000000000000004,30.700000000000003
70,70,33.5,1,1.0,36.49999999999999
80,80,39.2,1,0.4,40.79999999999999
90,90,45.5,1,0.1,44.49999999999999
100,100,50.0,1,0.9,49.99999999999999
120,120,60.699999999999996,1,0.0,59.3
140,140,69.99999999999999,1,1.0,70.0
170,170,85.09999999999998,1,1.0,84.9
200,200,99.6,1,0.0,100.39999999999999
250,250,121.30000000000003,1,0.4,128.69999999999996
300,300,145.30000000000007,1,0.9,154.6999999999999
400,400,194.3,1,0.30000000000000004,205.69999999999996
500,500,242.9,1,0.2,257.09999999999997
600,600,292.4999999999999,1,0.9,307.50000000000006
700,700,343.89999999999986,1,0.6000000000000001,356.1000000000001
800,800,397.6999999999999,1,1.0,402.30000000000007
900,900,442.49999999999983,1,0.6000000000000001,457.5000000000001
1000,1000,493.2999999999998,1,0.30000000000000004,506.70000000000016
1200,1200,637.8999999999936,1,0.8,562.1000000000074
1400,1400,808.3999999999887,1,1.0,591.6000000000123
1700,1700,1101.3999999999883,1,1.0,598.6000000000126
2000,2000,1392.9999999999882,1,1.0,607.0000000000128
2500,2500,1877.5999999999879,1,1.0,622.4000000000129
3000,3000,2364.299999999988,1,0.7000000000000001,635.7000000000129
4000,4000,3334.9999999999886,1,1.0,665.0000000000131
5000,5000,4308.7999999999865,1,1.0,691.2000000000129
6000,6000,5287.7999999999865,1,1.0,712.2000000000128
7000,7000,6263.699999999987,1,1.0,736.3000000000126
8000,8000,7236.299999999988,1,1.0,763.7000000000121
9000,9000,8210.499999999985,1,1.0,789.5000000000118
10000,10000,9185.799999999985,1,0.5,814.2000000000119
