steps,episode,total_return,episode_len,episode_return,total_regret
1,1,0.2,1,0.2,0.8
2,2,1.0,1,0.8,1.0
3,3,1.9,1,0.9,1.1
4,4,2.0,1,0.1,2.0
5,5,2.2,1,0.2,2.8
6,6,2.3000000000000003,1,0.1,3.6999999999999997
7,7,2.7,1,0.4,4.3
8,8,3.7,1,1.0,4.3
9,9,4.300000000000001,1,0.6000000000000001,4.699999999999999
10,10,5.300000000000001,1,1.0,4.699999999999999
12,12,6.300000000000001,1,1.0,5.699999999999999
14,14,6.700000000000001,1,0.0,7.299999999999999
17,17,9.200000000000001,1,0.8,7.799999999999999
20,20,10.9,1,1.0,9.1
25,25,13.1,1,0.4,11.9
30,30,15.100000000000001,1,0.4,14.899999999999999
40,40,21.4,1,0.8,18.599999999999998
50,50,25.700000000000003,1,0.1,24.299999999999994
60,60,30.200000000000006,1,0.30000000000000004,29.79999999999999
70,70,34.20000000000001,1,0.8,35.79999999999999
80,80,40.900000000000006,1,0.30000000000000004,39.099999999999994
90,90,45.30000000000001,1,0.5,44.69999999999999
100,100,50.90000000000001,1,0.6000000000000001,49.09999999999999
120,120,60.300000000000004,1,0.1,59.699999999999996
140,140,70.30000000000003,1,0.30000000000000004,69.69999999999999
170,170,86.20000000000005,1,0.0,83.79999999999997
200,200,102.10000000000004,1,0.2,97.89999999999998
250,250,126.70000000000006,1,1.0,123.29999999999995
300,300,155.30000000000004,1,0.9,144.69999999999996
400,400,207.5999999999999,1,0.30000000000000004,192.4000000000001
500,500,256.1999999999999,1,1.0,243.80000000000013
600,600,308.5999999999998,1,0.6000000000000001,291.4000000000002
700,700,361.2999999999997,1,0.30000000000000004,338.7000000000003
800,800,411.4999999999996,1,0.4,388.5000000000004
900,900,459.7999999999995,1,0.1,440.2000000000005
1000,1000,509.49999999999926,1,0.5,490.50000000000074
1200,1200,641.2999999999942,1,0.9,558.7000000000058
1400,1400,837.3999999999941,1,1.0,562.6000000000059
1700,1700,1133.5999999999942,1,1.0,566.4000000000061
2000,2000,1429.6999999999944,1,1.0,570.3000000000061
2500,2500,1920.1999999999944,1,1.0,579.8000000000061
3000,3000,2404.3999999999937,1,1.0,595.6000000000059
4000,4000,3373.799999999992,1,1.0,626.2000000000055
5000,5000,4352.399999999992,1,1.0,647.6000000000055
6000,6000,5324.399999999992,1,1.0,675.6000000000058
7000,7000,6299.79999999999,1,1.0,700.2000000000058
8000,8000,7275.0999999999885,1,1.0,724.9000000000058
9000,9000,8253.09999999999,1,1.0,746.9000000000057
10000,10000,9223.199999999988,1,1.0,776.8000000000058
