steps,episode,total_return,episode_len,episode_return,total_regret
1,1,0.9,1,0.9,0.09999999999999998
2,2,1.8,1,0.9,0.19999999999999996
3,3,2.8,1,1.0,0.19999999999999996
4,4,3.5,1,0.7000000000000001,0.4999999999999999
5,5,3.8,1,0.30000000000000004,1.1999999999999997
6,6,4.3,1,0.5,1.6999999999999997
7,7,4.9,1,0.6000000000000001,2.0999999999999996
8,8,5.5,1,0.6000000000000001,2.4999999999999996
9,9,6.1,1,0.6000000000000001,2.8999999999999995
10,10,6.3,1,0.2,3.6999999999999993
12,12,6.8,1,0.5,5.199999999999999
14,14,8.4,1,0.9,5.599999999999999
17,17,9.6,1,0.30000000000000004,7.399999999999999
20,20,10.6,1,0.2,9.399999999999999
25,25,12.700000000000001,1,0.6000000000000001,12.299999999999997
30,30,13.500000000000002,1,0.0,16.499999999999996
40,40,20.000000000000004,1,0.6000000000000001,19.999999999999993
50,50,27.4,1,1.0,22.599999999999998
60,60,34.199999999999996,1,0.1,25.8
70,70,41.19999999999999,1,0.9,28.8
80,80,47.499999999999986,1,0.7000000000000001,32.5
90,90,52.59999999999999,1,0.2,37.4
100,100,56.89999999999999,1,0.2,43.099999999999994
120,120,66.89999999999998,1,0.8,53.1
140,140,76.99999999999997,1,0.0,63.0
170,170,93.39999999999999,1,0.0,76.59999999999998
200,200,109.89999999999999,1,0.5,90.09999999999998
250,250,134.39999999999995,1,0.5,115.60000000000001
300,300,159.49999999999994,1,0.30000000000000004,140.50000000000003
400,400,208.29999999999998,1,0.6000000000000001,191.7
500,500,263.9,1,1.0,236.09999999999997
600,600,311.6999999999997,1,1.0,288.30000000000007
700,700,356.8999999999997,1,0.2,343.1000000000001
800,800,410.8999999999996,1,0.7000000000000001,389.1000000000002
900,900,457.6999999999995,1,0.5,442.3000000000003
1000,1000,504.6999999999995,1,0.6000000000000001,495.3000000000003
1200,1200,681.5999999999952,1,0.9,518.4000000000046
1400,1400,874.3999999999953,1,1.0,525.6000000000046
1700,1700,1167.9999999999952,1,1.0,532.0000000000045
2000,2000,1459.8999999999955,1,1.0,540.1000000000045
2500,2500,1947.199999999996,1,1.0,552.8000000000045
3000,3000,2438.299999999995,1,0.7000000000000001,561.7000000000044
4000,4000,3417.2999999999956,1,1.0,582.7000000000045
5000,5000,4394.399999999996,1,1.0,605.6000000000046
6000,6000,5371.899999999994,1,1.0,628.1000000000047
7000,7000,6350.899999999993,1,1.0,649.1000000000049
8000,8000,7329.999999999992,1,1.0,670.0000000000051
9000,9000,8306.799999999996,1,1.0,693.2000000000053
10000,10000,9282.699999999993,1,1.0,717.3000000000054
