steps,episode,total_return,episode_len,episode_return,total_regret
1,1,500.0,1,500.0,0.5
2,2,600.0,1,100.0,1.4
3,3,1000.0,1,400.0,2.0
4,4,1100.0,1,100.0,2.9
5,5,1300.0,1,200.0,3.7
6,6,1800.0,1,500.0,4.2
7,7,2600.0,1,800.0,4.4
8,8,2900.0,1,300.00000000000006,5.1000000000000005
9,9,3300.0,1,400.0,5.7
10,10,4100.0,1,800.0,5.9
12,12,4800.0,1,500.0,7.2
14,14,5400.0,1,500.0,8.6
17,17,6800.0,1,500.0,10.2
20,20,8900.0,1,900.0,11.1
25,25,10600.0,1,0.0,14.4
30,30,12500.0,1,600.0000000000001,17.5
40,40,18300.0,1,700.0000000000001,21.699999999999996
50,50,23800.0,1,500.0,26.199999999999996
60,60,29600.0,1,600.0000000000001,30.399999999999995
70,70,35100.0,1,200.0,34.9
80,80,39600.0,1,400.0,40.4
90,90,46700.0,1,600.0000000000001,43.3
100,100,51800.0,1,0.0,48.19999999999999
120,120,62200.0,1,800.0,57.8
140,140,71700.0,1,100.0,68.30000000000003
170,170,90100.0,1,700.0000000000001,79.90000000000003
200,200,106400.0,1,700.0000000000001,93.60000000000004
250,250,135300.0,1,500.0,114.70000000000003
300,300,163800.0,1,600.0000000000001,136.20000000000007
400,400,215200.0,1,400.0,184.79999999999993
500,500,257300.0,1,1000.0,242.70000000000005
600,600,306300.0,1,200.0,293.70000000000016
700,700,354500.0,1,400.0,345.50000000000017
800,800,406700.0,1,1000.0,393.30000000000024
900,900,461300.0,1,700.0000000000001,438.7000000000005
1000,1000,511000.0,1,900.0,489.0000000000005
1200,1200,537500.0,1,100.0,662.4999999999968
1400,1400,562200.0,1,200.0,837.7999999999923
1700,1700,598200.0,1,100.0,1101.7999999999956
2000,2000,633000.0,1,100.0,1367.0000000000218
2500,2500,745300.0,1,800.0,1754.7000000000614
3000,3000,1140300.0,1,800.0,1859.7000000000837
4000,4000,1926300.0,1,200.0,2073.7000000001017
5000,5000,2718400.0,1,800.0,2281.599999999927
6000,6000,3539400.0,1,600.0000000000001,2460.5999999997907
7000,7000,4490200.0,1,1000.0,2509.799999999764
8000,8000,5473000.0,1,1000.0,2526.999999999763
9000,9000,6445300.0,1,1000.0,2554.6999999997633
10000,10000,7419200.0,1,600.0000000000001,2580.7999999997633
