steps,episode,total_return,episode_len,episode_return,total_regret
1,1,0.001,1,0.001,0.0
2,2,0.0013,1,0.00030000000000000003,0.7
3,3,0.0023,1,0.001,0.7
4,4,0.0028,1,0.0005,1.2
5,5,0.0037,1,0.0009000000000000001,1.2999999999999998
6,6,0.004,1,0.00030000000000000003,1.9999999999999998
7,7,0.0042,1,0.0002,2.8
8,8,0.004699999999999999,1,0.0005,3.3
9,9,0.004999999999999999,1,0.00030000000000000003,4.0
10,10,0.0058,1,0.0008,4.2
12,12,0.006999999999999999,1,0.001,5.0
14,14,0.0084,1,0.0007000000000000001,5.6
17,17,0.009800000000000001,1,0.0005,7.199999999999999
20,20,0.0119,1,0.0006000000000000001,8.1
25,25,0.0148,1,0.0007000000000000001,10.200000000000001
30,30,0.0161,1,0.0,13.9
40,40,0.0211,1,0.0001,18.9
50,50,0.025000000000000005,1,0.0,24.999999999999996
60,60,0.029600000000000005,1,0.0004,30.4
70,70,0.03670000000000001,1,0.0008,33.30000000000001
80,80,0.042300000000000025,1,0.001,37.70000000000001
90,90,0.04730000000000003,1,0.0009000000000000001,42.70000000000002
100,100,0.05120000000000003,1,0.001,48.80000000000001
120,120,0.061600000000000044,1,0.0,58.400000000000006
140,140,0.07420000000000003,1,0.0008,65.80000000000003
170,170,0.08890000000000003,1,0.00030000000000000003,81.10000000000004
200,200,0.10430000000000006,1,0.0,95.7
250,250,0.13070000000000012,1,0.0002,119.3
300,300,0.15490000000000007,1,0.0007000000000000001,145.09999999999997
400,400,0.20630000000000004,1,0.0008,193.70000000000007
500,500,0.2558999999999999,1,0.0001,244.10000000000016
600,600,0.3031999999999999,1,0.0008,296.8000000000002
700,700,0.3499000000000001,1,0.0006000000000000001,350.1000000000002
800,800,0.4034000000000002,1,0.001,396.6000000000003
900,900,0.45090000000000036,1,0.0005,449.1000000000004
1000,1000,0.5007000000000004,1,0.0,499.3000000000008
1200,1200,0.6645000000000009,1,0.001,535.4999999999993
1400,1400,0.7996000000000003,1,0.0005,600.3999999999978
1700,1700,1.0529999999999942,1,0.001,646.9999999999987
2000,2000,1.3462999999999619,1,0.001,653.6999999999988
2500,2500,1.835999999999908,1,0.001,663.9999999999985
3000,3000,2.3233999999998565,1,0.001,676.5999999999988
4000,4000,3.3012999999997534,1,0.001,698.6999999999988
5000,5000,4.279899999999773,1,0.001,720.099999999999
6000,6000,5.258500000000098,1,0.001,741.4999999999984
7000,7000,6.2340000000004165,1,0.001,765.9999999999984
8000,8000,7.203100000000732,1,0.001,796.8999999999985
9000,9000,8.174300000000901,1,0.001,825.6999999999985
10000,10000,9.15060000000037,1,0.001,849.3999999999984
