steps,episode,total_return,episode_len,episode_return,total_regret
1,1,0.2,1,0.2,0.8
2,2,1.0,1,0.8,1.0
3,3,1.3,1,0.30000000000000004,1.7
4,4,1.7000000000000002,1,0.4,2.3
5,5,2.4000000000000004,1,0.7000000000000001,2.5999999999999996
6,6,2.6000000000000005,1,0.2,3.3999999999999995
7,7,3.0000000000000004,1,0.4,3.9999999999999996
8,8,3.6000000000000005,1,0.6000000000000001,4.3999999999999995
9,9,4.300000000000001,1,0.7000000000000001,4.699999999999999
10,10,4.6000000000000005,1,0.30000000000000004,5.3999999999999995
12,12,5.7,1,0.8,6.3
14,14,6.800000000000001,1,0.6000000000000001,7.199999999999999
17,17,8.000000000000002,1,0.8,8.999999999999998
20,20,9.000000000000002,1,0.4,10.999999999999998
25,25,11.000000000000002,1,0.6000000000000001,13.999999999999998
30,30,13.7,1,0.7000000000000001,16.3
40,40,17.0,1,0.4,22.999999999999996
50,50,22.0,1,0.1,27.999999999999996
60,60,26.6,1,0.6000000000000001,33.4
70,70,32.10000000000001,1,0.9,37.9
80,80,37.2,1,0.2,42.800000000000004
90,90,44.2,1,0.9,45.800000000000004
100,100,48.5,1,0.30000000000000004,51.50000000000001
120,120,57.30000000000001,1,0.0,62.699999999999996
140,140,70.90000000000002,1,0.7000000000000001,69.09999999999998
170,170,87.50000000000001,1,0.8,82.49999999999999
200,200,105.4,1,0.5,94.6
250,250,128.39999999999998,1,0.0,121.60000000000001
300,300,154.90000000000003,1,0.0,145.1
400,400,203.60000000000005,1,0.8,196.39999999999998
500,500,252.4000000000001,1,1.0,247.59999999999994
600,600,301.0000000000003,1,0.6000000000000001,298.99999999999983
700,700,351.90000000000043,1,0.6000000000000001,348.0999999999997
800,800,394.1000000000005,1,0.4,405.89999999999964
900,900,444.5000000000004,1,0.30000000000000004,455.4999999999997
1000,1000,491.8000000000002,1,0.4,508.19999999999993
1200,1200,644.6000000000003,1,1.0,555.3999999999999
1400,1400,841.9000000000002,1,1.0,558.0999999999999
1700,1700,1137.0000000000002,1,1.0,562.9999999999998
2000,2000,1431.0,1,1.0,568.9999999999999
2500,2500,1920.7000000000003,1,1.0,579.2999999999998
3000,3000,2408.2999999999993,1,1.0,591.6999999999996
4000,4000,3388.4999999999977,1,1.0,611.4999999999992
5000,5000,4358.099999999999,1,1.0,641.8999999999993
6000,6000,5329.100000000003,1,1.0,670.8999999999993
7000,7000,6301.399999999999,1,1.0,698.5999999999989
8000,8000,7276.6,1,1.0,723.3999999999987
9000,9000,8252.300000000001,1,1.0,747.6999999999991
10000,10000,9226.699999999999,1,1.0,773.2999999999993
