steps,episode,total_return,episode_len,episode_return,total_regret
1,1,0.6000000000000001,1,0.6000000000000001,0.3999999999999999
2,2,1.4000000000000001,1,0.8,0.5999999999999999
3,3,2.1,1,0.7000000000000001,0.8999999999999998
4,4,3.0,1,0.9,0.9999999999999998
5,5,3.3,1,0.30000000000000004,1.6999999999999997
6,6,3.3,1,0.0,2.6999999999999997
7,7,3.5,1,0.2,3.5
8,8,4.4,1,0.9,3.6
9,9,4.6000000000000005,1,0.2,4.4
10,10,4.6000000000000005,1,0.0,5.4
12,12,5.9,1,0.5,6.1000000000000005
14,14,6.2,1,0.1,7.800000000000001
17,17,7.6000000000000005,1,0.9,9.4
20,20,9.9,1,0.7000000000000001,10.100000000000001
25,25,11.500000000000002,1,0.30000000000000004,13.5
30,30,14.600000000000001,1,0.5,15.4
40,40,17.8,1,0.0,22.2
50,50,22.200000000000006,1,0.2,27.799999999999994
60,60,27.000000000000004,1,0.5,33.0
70,70,31.400000000000006,1,0.8,38.600000000000016
80,80,36.600000000000016,1,0.2,43.400000000000006
90,90,41.70000000000001,1,0.5,48.30000000000001
100,100,46.400000000000006,1,0.5,53.600000000000016
120,120,57.50000000000001,1,1.0,62.500000000000014
140,140,66.80000000000003,1,0.9,73.2
170,170,79.4,1,0.1,90.60000000000002
200,200,92.89999999999998,1,0.8,107.10000000000005
250,250,118.70000000000003,1,0.1,131.3
300,300,142.6,1,0.2,157.40000000000015
400,400,198.40000000000012,1,1.0,201.60000000000002
500,500,245.60000000000008,1,0.30000000000000004,254.40000000000006
600,600,291.5000000000001,1,0.9,308.50000000000006
700,700,342.1000000000001,1,1.0,357.9000000000001
800,800,395.5999999999999,1,0.7000000000000001,404.40000000000026
900,900,445.4999999999997,1,0.2,454.50000000000045
1000,1000,491.39999999999964,1,0.30000000000000004,508.60000000000053
1200,1200,668.9999999999951,1,0.9,531.000000000005
1400,1400,855.6999999999933,1,1.0,544.3000000000068
1700,1700,1151.2999999999931,1,1.0,548.7000000000069
2000,2000,1444.1999999999935,1,1.0,555.800000000007
2500,2500,1932.2999999999936,1,1.0,567.7000000000073
3000,3000,2423.7999999999943,1,1.0,576.2000000000077
4000,4000,3393.699999999995,1,1.0,606.3000000000078
5000,5000,4359.499999999994,1,1.0,640.5000000000078
6000,6000,5335.999999999997,1,1.0,664.000000000008
7000,7000,6317.399999999998,1,1.0,682.6000000000083
8000,8000,7289.199999999999,1,1.0,710.8000000000084
9000,9000,8267.199999999999,1,1.0,732.8000000000083
10000,10000,9245.99999999999,1,1.0,754.0000000000088
