steps,episode,total_return,episode_len,episode_return,total_regret
1,1,0.015,1,0.015,0.5
2,2,0.045,1,0.03,0.5
3,3,0.069,1,0.024,0.7
4,4,0.07800000000000001,1,0.009000000000000001,1.4
5,5,0.09300000000000001,1,0.015,1.9
6,6,0.09300000000000001,1,0.0,2.9
7,7,0.10200000000000001,1,0.009000000000000001,3.5999999999999996
8,8,0.10200000000000001,1,0.0,4.6
9,9,0.126,1,0.024,4.8
10,10,0.138,1,0.012,5.3999999999999995
12,12,0.18300000000000002,1,0.03,5.8999999999999995
14,14,0.21600000000000003,1,0.012,6.799999999999999
17,17,0.24000000000000005,1,0.0,9.0
20,20,0.2880000000000001,1,0.024,10.399999999999999
25,25,0.41700000000000015,1,0.027,11.099999999999998
30,30,0.4860000000000002,1,0.027,13.799999999999997
40,40,0.6660000000000004,1,0.0,17.8
50,50,0.8040000000000005,1,0.018000000000000002,23.2
60,60,0.9300000000000006,1,0.027,29.000000000000007
70,70,1.1040000000000008,1,0.024,33.20000000000002
80,80,1.2180000000000004,1,0.03,39.40000000000001
90,90,1.344,1,0.015,45.20000000000001
100,100,1.4879999999999998,1,0.027,50.40000000000002
120,120,1.847999999999999,1,0.027,58.40000000000003
140,140,2.141999999999998,1,0.003,68.60000000000004
170,170,2.5409999999999973,1,0.003,85.30000000000003
200,200,3.041999999999996,1,0.03,98.60000000000004
250,250,3.737999999999995,1,0.003,125.40000000000003
300,300,4.556999999999993,1,0.03,148.10000000000014
400,400,6.176999999999996,1,0.03,194.10000000000014
500,500,7.776,1,0.021,240.8000000000002
600,600,9.351000000000004,1,0.012,288.3000000000004
700,700,10.860000000000008,1,0.012,338.00000000000045
800,800,12.30900000000002,1,0.024,389.70000000000044
900,900,13.896000000000027,1,0.003,436.80000000000035
1000,1000,15.285000000000037,1,0.015,490.5000000000004
1200,1200,19.776000000000206,1,0.018000000000000002,540.8000000000008
1400,1400,25.46400000000042,1,0.03,551.200000000002
1700,1700,34.20000000000075,1,0.03,560.000000000002
2000,2000,43.068000000001085,1,0.03,564.4000000000023
2500,2500,57.74100000000164,1,0.03,575.3000000000023
3000,3000,72.48600000000219,1,0.018000000000000002,583.8000000000022
4000,4000,101.7390000000033,1,0.03,608.7000000000022
5000,5000,131.15100000000436,1,0.03,628.3000000000021
6000,6000,160.49700000000516,1,0.03,650.1000000000023
7000,7000,189.7440000000059,1,0.03,675.2000000000027
8000,8000,218.8530000000066,1,0.03,704.9000000000029
9000,9000,247.71300000000605,1,0.027,742.9000000000048
10000,10000,276.7349999999876,1,0.03,775.5000000000045
