steps,episode,total_return,episode_len,episode_return,total_regret
1,1,0.6000000000000001,1,0.6000000000000001,0.3999999999999999
2,2,1.6,1,1.0,0.3999999999999999
3,3,2.1,1,0.5,0.8999999999999999
4,4,3.0,1,0.9,0.9999999999999999
5,5,3.1,1,0.1,1.9
6,6,4.0,1,0.9,2.0
7,7,5.0,1,1.0,2.0
8,8,5.2,1,0.2,2.8
9,9,5.2,1,0.0,3.8
10,10,6.0,1,0.8,4.0
12,12,6.8,1,0.2,5.2
14,14,7.9,1,0.7000000000000001,6.1
17,17,9.100000000000001,1,0.30000000000000004,7.8999999999999995
20,20,10.500000000000002,1,0.5,9.5
25,25,13.000000000000002,1,0.4,12.0
30,30,16.3,1,0.9,13.7
40,40,22.299999999999997,1,0.4,17.7
50,50,26.999999999999996,1,0.6000000000000001,23.0
60,60,31.499999999999996,1,0.1,28.5
70,70,35.59999999999999,1,0.0,34.400000000000006
80,80,40.099999999999994,1,0.0,39.9
90,90,44.199999999999996,1,0.2,45.8
100,100,48.6,1,0.8,51.39999999999999
120,120,60.199999999999996,1,0.8,59.8
140,140,69.8,1,0.8,70.2
170,170,88.50000000000001,1,0.30000000000000004,81.49999999999999
200,200,100.90000000000006,1,0.0,99.09999999999994
250,250,126.00000000000007,1,0.0,123.99999999999993
300,300,149.20000000000007,1,1.0,150.79999999999995
400,400,202.9000000000001,1,0.6000000000000001,197.09999999999994
500,500,255.90000000000015,1,0.8,244.09999999999988
600,600,307.30000000000007,1,0.2,292.70000000000005
700,700,355.09999999999997,1,0.8,344.90000000000015
800,800,404.7000000000003,1,0.6000000000000001,395.29999999999984
900,900,450.40000000000043,1,0.5,449.5999999999997
1000,1000,495.6000000000007,1,1.0,504.3999999999994
1200,1200,624.0000000000076,1,0.7000000000000001,575.9999999999915
1400,1400,807.7000000000089,1,0.5,592.2999999999902
1700,1700,1095.000000000009,1,1.0,604.9999999999901
2000,2000,1385.9000000000094,1,1.0,614.0999999999901
2500,2500,1872.10000000001,1,1.0,627.8999999999901
3000,3000,2359.7000000000103,1,1.0,640.2999999999902
4000,4000,3333.900000000011,1,1.0,666.0999999999904
5000,5000,4307.4000000000115,1,1.0,692.5999999999906
6000,6000,5284.300000000011,1,1.0,715.6999999999908
7000,7000,6261.300000000011,1,1.0,738.6999999999908
8000,8000,7236.200000000013,1,1.0,763.7999999999906
9000,9000,8213.40000000001,1,1.0,786.5999999999906
10000,10000,9187.40000000001,1,1.0,812.5999999999906
