steps,episode,total_return,episode_len,episode_return,total_regret
1,1,0.4,1,0.4,0.6
2,2,0.6000000000000001,1,0.2,1.4
3,3,1.4000000000000001,1,0.8,1.5999999999999999
4,4,1.4000000000000001,1,0.0,2.5999999999999996
5,5,2.2,1,0.8,2.8
6,6,2.6,1,0.4,3.4
7,7,3.2,1,0.6000000000000001,3.8
8,8,3.7,1,0.5,4.3
9,9,4.6000000000000005,1,0.9,4.3999999999999995
10,10,4.800000000000001,1,0.2,5.199999999999999
12,12,5.900000000000001,1,0.4,6.099999999999999
14,14,7.400000000000002,1,0.9,6.599999999999998
17,17,9.300000000000002,1,0.2,7.6999999999999975
20,20,10.600000000000001,1,0.5,9.399999999999999
25,25,13.200000000000001,1,0.6000000000000001,11.799999999999999
30,30,16.400000000000002,1,0.6000000000000001,13.6
40,40,23.1,1,0.7000000000000001,16.9
50,50,28.1,1,0.2,21.9
60,60,33.9,1,0.0,26.100000000000005
70,70,40.4,1,0.7000000000000001,29.600000000000005
80,80,46.29999999999998,1,0.8,33.70000000000002
90,90,50.79999999999998,1,0.8,39.20000000000002
100,100,56.999999999999986,1,0.8,43.000000000000014
120,120,67.19999999999997,1,0.30000000000000004,52.80000000000002
140,140,81.19999999999999,1,0.9,58.80000000000003
170,170,98.19999999999996,1,0.8,71.80000000000005
200,200,111.79999999999994,1,0.2,88.20000000000007
250,250,137.7999999999998,1,0.6000000000000001,112.2000000000001
300,300,162.09999999999982,1,1.0,137.90000000000006
400,400,214.09999999999974,1,0.2,185.90000000000015
500,500,269.0999999999998,1,0.0,230.90000000000012
600,600,322.89999999999986,1,0.9,277.1000000000002
700,700,374.5999999999998,1,0.7000000000000001,325.40000000000026
800,800,423.9999999999995,1,1.0,376.00000000000057
900,900,471.9999999999998,1,0.30000000000000004,428.0000000000003
1000,1000,517.6999999999999,1,0.2,482.3000000000001
1200,1200,671.9999999999974,1,1.0,528.0000000000026
1400,1400,864.6999999999974,1,1.0,535.3000000000026
1700,1700,1155.8999999999971,1,1.0,544.1000000000024
2000,2000,1447.9999999999975,1,1.0,552.0000000000024
2500,2500,1931.1999999999978,1,1.0,568.8000000000022
3000,3000,2421.599999999999,1,1.0,578.4000000000025
4000,4000,3394.0999999999985,1,1.0,605.9000000000024
5000,5000,4371.199999999999,1,1.0,628.8000000000025
6000,6000,5337.899999999999,1,1.0,662.1000000000028
7000,7000,6308.899999999998,1,1.0,691.100000000003
8000,8000,7283.499999999996,1,1.0,716.5000000000032
9000,9000,8262.199999999993,1,1.0,737.8000000000035
10000,10000,9241.899999999994,1,1.0,758.1000000000034
