steps,episode,total_return,episode_len,episode_return,total_regret
1,1,400.0,1,400.0,0.6
2,2,500.0,1,100.0,1.5
3,3,600.0,1,100.0,2.4
4,4,1300.0,1,700.0000000000001,2.6999999999999997
5,5,1700.0,1,400.0,3.3
6,6,2200.0,1,500.0,3.8
7,7,2800.0,1,600.0000000000001,4.199999999999999
8,8,2800.0,1,0.0,5.199999999999999
9,9,3300.0,1,500.0,5.699999999999999
10,10,3500.0,1,200.0,6.499999999999999
12,12,4700.0,1,700.0000000000001,7.299999999999999
14,14,5900.0,1,700.0000000000001,8.1
17,17,7600.0,1,0.0,9.4
20,20,9300.0,1,100.0,10.700000000000001
25,25,11200.0,1,200.0,13.800000000000002
30,30,13500.0,1,900.0,16.500000000000004
40,40,17400.0,1,700.0000000000001,22.600000000000005
50,50,22000.0,1,300.00000000000006,28.000000000000004
60,60,27700.0,1,700.0000000000001,32.3
70,70,32900.0,1,600.0000000000001,37.1
80,80,36900.0,1,500.0,43.1
90,90,42400.0,1,800.0,47.60000000000001
100,100,47300.0,1,700.0000000000001,52.7
120,120,55100.0,1,700.0000000000001,64.9
140,140,65100.0,1,300.00000000000006,74.90000000000002
170,170,81900.0,1,500.0,88.10000000000001
200,200,100900.0,1,900.0,99.09999999999997
250,250,127300.0,1,500.0,122.7
300,300,155800.0,1,600.0000000000001,144.20000000000002
400,400,206500.0,1,700.0000000000001,193.50000000000003
500,500,257400.0,1,200.0,242.60000000000002
600,600,303200.0,1,200.0,296.7999999999996
700,700,354900.0,1,200.0,345.0999999999997
800,800,399900.0,1,900.0,400.0999999999996
900,900,450600.0,1,600.0000000000001,449.3999999999996
1000,1000,501200.0,1,500.0,498.79999999999956
1200,1200,621800.0,1,600.0000000000001,578.1999999999954
1400,1400,740600.0,1,600.0000000000001,659.3999999999911
1700,1700,917500.0,1,600.0000000000001,782.4999999999848
2000,2000,1096100.0,1,600.0000000000001,903.8999999999784
2500,2500,1390900.0,1,600.0000000000001,1109.0999999999908
3000,3000,1687000.0,1,600.0000000000001,1313.000000000033
4000,4000,2279400.0,1,600.0000000000001,1720.6000000001202
5000,5000,2879900.0,1,800.0,2120.1000000001986
6000,6000,3667900.0,1,0.0,2332.100000000028
7000,7000,4595600.0,1,1000.0,2404.3999999999824
8000,8000,5566600.0,1,1000.0,2433.3999999999837
9000,9000,6541000.0,1,1000.0,2458.9999999999836
10000,10000,7517300.0,1,0.0,2482.699999999984
